{
  "current": {
    "color_text": "#3b3b3b",
    "color_body_text": "#333232",
    "color_sale_text": "#fa4545",
    "color_button": "#3a3a3a",
    "color_button_text": "#ffffff",
    "color_small_button_text_border": "#3a3a3a",
    "color_text_field_text": "#000000",
    "color_text_field_border": "#cccccc",
    "color_text_field": "rgba(0,0,0,0)",
    "color_image_overlay_text": "#ffffff",
    "color_image_overlay": "#685858",
    "image_overlay_opacity": 40,
    "color_borders": "#ebebeb",
    "color_body_bg": "rgba(0,0,0,0)",
    "type_header_font": "josefin_sans_n7",
    "type_header_base_size": 36,
    "type_base_font": "armata_n4",
    "type_base_size": 18,
    "predictive_search_enabled": true,
    "predictive_search_show_vendor": false,
    "predictive_search_show_price": false,
    "share_image": "shopify:\/\/shop_images\/ab-square-500-black-on-white.png",
    "share_facebook": true,
    "share_twitter": true,
    "share_pinterest": true,
    "social_twitter_link": "",
    "social_facebook_link": "",
    "social_pinterest_link": "",
    "social_instagram_link": "",
    "social_tumblr_link": "",
    "social_snapchat_link": "",
    "social_youtube_link": "",
    "social_vimeo_link": "",
    "favicon": "shopify:\/\/shop_images\/ab-square-500-black-on-white.png",
    "enable_ajax": true,
    "checkout_header_image": "",
    "checkout_logo_image": "",
    "checkout_logo_position": "left",
    "checkout_logo_size": "medium",
    "checkout_body_background_image": "",
    "checkout_body_background_color": "#fff",
    "checkout_input_background_color_mode": "white",
    "checkout_sidebar_background_image": "",
    "checkout_sidebar_background_color": "#fafafa",
    "checkout_heading_font": "-apple-system, BlinkMacSystemFont, 'Segoe UI', Roboto, Helvetica, Arial, sans-serif, 'Apple Color Emoji', 'Segoe UI Emoji', 'Segoe UI Symbol'",
    "checkout_body_font": "-apple-system, BlinkMacSystemFont, 'Segoe UI', Roboto, Helvetica, Arial, sans-serif, 'Apple Color Emoji', 'Segoe UI Emoji', 'Segoe UI Symbol'",
    "checkout_accent_color": "#197bbd",
    "checkout_button_color": "#197bbd",
    "checkout_error_color": "#e32c2b",
    "sections": {
      "header": {
        "type": "header",
        "settings": {
          "align_logo": "left",
          "logo": "shopify:\/\/shop_images\/ab-square-500-transparent.png",
          "logo_max_width": 70,
          "main_linklist": "main-menu",
          "message": true,
          "home_page_only": true,
          "message_text": "i want to see things differently",
          "message_link": "",
          "color_bg": "#3a3a3a",
          "color_text": "#ffffff"
        }
      },
      "hero-1": {
        "type": "hero",
        "settings": {
          "image": "shopify:\/\/shop_images\/sun-in-sky-black-white.jpg",
          "alignment": "center",
          "hero_layout": "full_width",
          "hero_size": "medium",
          "text_size": "large",
          "title": "we are one",
          "text": "<p>the light has come<\/p>",
          "button_label": "",
          "button_link": ""
        }
      },
      "feature-columns": {
        "type": "feature-columns",
        "disabled": true,
        "blocks": {
          "feature-columns-0": {
            "type": "text_block",
            "settings": {
              "enable_image": true,
              "image": "shopify:\/\/shop_images\/one_word.png",
              "title": "One Truth, many forms",
              "text": "<p>Firstly, here is my blog post on why&nbsp;you should read A Course in Miracles.<\/p>\n<p>While not <a href=\"https:\/\/cdn.shopify.com\/s\/files\/1\/0281\/7887\/4403\/files\/acim_fip_ed1.pdf?v=1594679192\" title=\"https:\/\/cdn.shopify.com\/s\/files\/1\/0281\/7887\/4403\/files\/acim_fip_ed1.pdf?v=1594679192\">A Course in Miracles<\/a>, there are many other books of Truth around. Spirtual, philosophic, fictional...<\/p>\n<p>Here's a list of great works.<\/p>\n<p>- alex brady<\/p>",
              "button_label": "great works of truth",
              "button_link": "shopify:\/\/blogs\/ab-is-ba"
            }
          },
          "feature-columns-1": {
            "type": "text_block",
            "settings": {
              "enable_image": true,
              "image": "",
              "title": "Add a title or tagline",
              "text": "<p>Share blog posts, products, or promotions with your customers. Use this text to describe products, share details on availability and style, or as a space to display recent reviews or FAQs.<\/p>",
              "button_label": "",
              "button_link": ""
            }
          }
        },
        "block_order": [
          "feature-columns-0",
          "feature-columns-1"
        ],
        "settings": {
          "title": "",
          "align_text": "left"
        }
      },
      "collection": {
        "type": "collection",
        "disabled": true,
        "settings": {
          "title": "Featured collection",
          "collection": "",
          "grid": 4,
          "rows": 2,
          "show_vendor": false,
          "show_view_all": false
        }
      },
      "hero-2": {
        "type": "hero",
        "disabled": true,
        "settings": {
          "image": "",
          "alignment": "center",
          "hero_layout": "full_width",
          "hero_size": "medium",
          "text_size": "large",
          "title": "Image with text overlay",
          "text": "<p>Use overlay text to give your customers insight into your brand. Select imagery and text that relates to your style and story.<\/p>",
          "button_label": "",
          "button_link": ""
        }
      },
      "quotes": {
        "type": "quotes",
        "blocks": {
          "quotes-0": {
            "type": "quote",
            "settings": {
              "quote": "<p>It is a curriculum for those seeking to achieve&nbsp;<a href=\"https:\/\/en.wikipedia.org\/wiki\/A_Course_in_Miracles\" title=\"https:\/\/en.wikipedia.org\/wiki\/A_Course_in_Miracles\">spiritual transformation<\/a>.<\/p>",
              "author": "wikipedia"
            }
          },
          "quotes-2": {
            "type": "quote",
            "settings": {
              "quote": "<p>reading a course in miracles will teach you how to do miracles. 💯<\/p>",
              "author": "alex brady"
            }
          }
        },
        "block_order": [
          "quotes-0",
          "quotes-2"
        ],
        "settings": {
          "title": ""
        }
      },
      "image-bar": {
        "type": "image-bar",
        "disabled": true,
        "blocks": {
          "image-bar-0": {
            "type": "image",
            "settings": {
              "image": "",
              "alignment": "center",
              "link": "",
              "cta_label": ""
            }
          },
          "image-bar-1": {
            "type": "image",
            "settings": {
              "image": "",
              "alignment": "center",
              "link": "",
              "cta_label": ""
            }
          },
          "image-bar-2": {
            "type": "image",
            "settings": {
              "image": "",
              "alignment": "center",
              "link": "",
              "cta_label": ""
            }
          }
        },
        "block_order": [
          "image-bar-0",
          "image-bar-1",
          "image-bar-2"
        ],
        "settings": {
          "section_height": "medium"
        }
      },
      "footer": {
        "type": "footer",
        "blocks": {
          "footer-0": {
            "type": "link_list",
            "settings": {
              "title": "quick links",
              "menu": "footer"
            }
          },
          "footer-1": {
            "type": "newsletter",
            "settings": {
              "title": "sign up for inspired communication"
            }
          },
          "1594701448945": {
            "type": "text",
            "settings": {
              "title": "we are one Self",
              "text": "<p><a href=\"https:\/\/cdn.shopify.com\/s\/files\/1\/0281\/7887\/4403\/files\/acim_oe.pdf?v=1594679607#page=1137\" title=\"https:\/\/cdn.shopify.com\/s\/files\/1\/0281\/7887\/4403\/files\/acim_oe.pdf?v=1594679607#page=1137\">United with our creator.<\/a><\/p>\n<p><a href=\"https:\/\/cdn.shopify.com\/s\/files\/1\/0281\/7887\/4403\/files\/acim_oe.pdf?v=1594679607#page=1137\" title=\"https:\/\/cdn.shopify.com\/s\/files\/1\/0281\/7887\/4403\/files\/acim_oe.pdf?v=1594679607#page=1137\">Unlimited in power.<\/a><\/p>\n<p><a href=\"https:\/\/cdn.shopify.com\/s\/files\/1\/0281\/7887\/4403\/files\/acim_fip_ed1.pdf?v=1594679192#page=314\" title=\"https:\/\/cdn.shopify.com\/s\/files\/1\/0281\/7887\/4403\/files\/acim_fip_ed1.pdf?v=1594679192#page=314\">Unlimited in peace.<\/a><\/p>"
            }
          }
        },
        "block_order": [
          "footer-0",
          "footer-1",
          "1594701448945"
        ],
        "settings": {
          "show_payment_icons": false,
          "color_footer_bg": "#f6f6f6",
          "color_footer_text": "#333232",
          "show_locale_selector": true,
          "show_currency_selector": true
        }
      },
      "blog-template": {
        "type": "blog-template",
        "settings": {
          "layout": "list",
          "blog_show_author": true,
          "blog_show_date": true
        }
      },
      "article-template": {
        "type": "article-template",
        "settings": {
          "blog_show_author": true,
          "blog_show_date": false,
          "show_share_buttons": false
        }
      },
      "1594677928696": {
        "type": "custom-content",
        "blocks": {
          "1594677928696-0": {
            "type": "text",
            "settings": {
              "title": "",
              "text": "<p>\"Teach not that I died in vain. Teach rather that I did not die by demonstrating that I live in you. \"<\/p>\n<p>- Jesus, <a href=\"https:\/\/cdn.shopify.com\/s\/files\/1\/0281\/7887\/4403\/files\/acim_fip_ed1.pdf?v=1594679192#page=1498\" title=\"https:\/\/cdn.shopify.com\/s\/files\/1\/0281\/7887\/4403\/files\/acim_fip_ed1.pdf?v=1594679192#page=1498\">A Course in Miracles<\/a><\/p>",
              "width": "100%",
              "alignment": "center",
              "align_text": "left"
            }
          }
        },
        "block_order": [
          "1594677928696-0"
        ],
        "settings": {
          "title": ""
        }
      },
      "1594772782735": {
        "type": "custom-content",
        "blocks": {
          "1594772782735-1": {
            "type": "image",
            "settings": {
              "image": "shopify:\/\/shop_images\/cartoon_acim_editions.png",
              "width": "50%",
              "alignment": "center"
            }
          },
          "1594772975652": {
            "type": "text",
            "settings": {
              "title": "read this book",
              "text": "<p><a href=\"\/blogs\/abcim\/get-a-course-in-miracles\" title=\"get A Course in Miracles\">A Course in Miracles<\/a> is a self-study course for retraining the mind that is spiritual rather than religious in its perspective.<\/p>\n<p><\/p>\n<p><em>\"Your past learning must have taught you wrong things simply because it has not made you happy.<\/em><\/p>\n<p><em>On this basis alone, its value should be questioned.\"<\/em><\/p>\n<p><\/p>\n<p><\/p>\n<p><a href=\"\/blogs\/abcim\/get-a-course-in-miracles\" title=\"get A Course in Miracles\">Get A Course in Miracles Now<\/a><\/p>",
              "width": "50%",
              "alignment": "top-middle",
              "align_text": "left"
            }
          }
        },
        "block_order": [
          "1594772782735-1",
          "1594772975652"
        ],
        "settings": {
          "title": ""
        }
      }
    },
    "content_for_index": [
      "hero-1",
      "1594677928696",
      "1594772782735",
      "quotes",
      "feature-columns",
      "collection",
      "hero-2",
      "image-bar"
    ]
  },
  "presets": {
    "Default": {
      "sections": {
        "header": {
          "type": "header",
          "settings": {
          }
        },
        "hero-1": {
          "type": "hero",
          "settings": {
            "hero_size": "large",
            "text_size": "large"
          }
        },
        "feature-row": {
          "type": "feature-row",
          "settings": {
          }
        },
        "feature-columns": {
          "type": "feature-columns",
          "blocks": {
            "feature-columns-0": {
              "type": "text_block",
              "settings": {
              }
            },
            "feature-columns-1": {
              "type": "text_block",
              "settings": {
              }
            },
            "feature-columns-2": {
              "type": "text_block",
              "settings": {
              }
            }
          },
          "block_order": [
            "feature-columns-0",
            "feature-columns-1",
            "feature-columns-2"
          ],
          "settings": {
            "title": ""
          }
        },
        "collection": {
          "type": "collection",
          "settings": {
            "grid": 4
          }
        },
        "hero-2": {
          "type": "hero",
          "settings": {
            "text_size": "large"
          }
        },
        "quotes": {
          "type": "quotes",
          "blocks": {
            "quotes-0": {
              "type": "quote",
              "settings": {
              }
            },
            "quotes-1": {
              "type": "quote",
              "settings": {
              }
            },
            "quotes-2": {
              "type": "quote",
              "settings": {
              }
            }
          },
          "block_order": [
            "quotes-0",
            "quotes-1",
            "quotes-2"
          ],
          "settings": {
            "title": ""
          }
        },
        "image-bar": {
          "type": "image-bar",
          "blocks": {
            "image-bar-0": {
              "type": "image",
              "settings": {
              }
            },
            "image-bar-1": {
              "type": "image",
              "settings": {
              }
            },
            "image-bar-2": {
              "type": "image",
              "settings": {
              }
            }
          },
          "block_order": [
            "image-bar-0",
            "image-bar-1",
            "image-bar-2"
          ],
          "settings": {
          }
        },
        "footer": {
          "type": "footer",
          "blocks": {
            "footer-0": {
              "type": "link_list",
              "settings": {
              }
            },
            "footer-1": {
              "type": "newsletter",
              "settings": {
              }
            }
          },
          "block_order": [
            "footer-0",
            "footer-1"
          ],
          "settings": {
            "show_payment_icons": true
          }
        }
      },
      "content_for_index": [
        "hero-1",
        "feature-row",
        "feature-columns",
        "collection",
        "hero-2",
        "quotes",
        "image-bar"
      ]
    },
    "Light": {
      "color_text": "#162950",
      "color_body_text": "#6d6d6d",
      "color_sale_text": "#DA2F0C",
      "color_borders": "#e4e4e4",
      "color_button": "#DA2F0C",
      "color_button_text": "#ffffff",
      "color_small_button_text_border": "#162950",
      "color_text_field": "#ffffff",
      "color_text_field_text": "#162950",
      "color_text_field_border": "#909090",
      "color_image_overlay_text": "#ffffff",
      "color_image_overlay": "#3d3d3d",
      "image_overlay_opacity": 40,
      "color_body_bg": "#f8f8f8",
      "type_header_font": "muli_n6",
      "type_header_base_size": 26,
      "type_base_font": "muli_n4",
      "type_base_size": 18,
      "share_facebook": true,
      "share_twitter": true,
      "share_pinterest": true,
      "social_twitter_link": "",
      "social_facebook_link": "",
      "social_pinterest_link": "",
      "social_instagram_link": "",
      "social_tumblr_link": "",
      "social_snapchat_link": "",
      "social_youtube_link": "",
      "social_vimeo_link": "",
      "favicon": "",
      "checkout_header_image": "",
      "checkout_logo_image": "",
      "checkout_logo_position": "left",
      "checkout_logo_size": "small",
      "checkout_body_background_image": "",
      "checkout_body_background_color": "#ffffff",
      "checkout_input_background_color_mode": "white",
      "checkout_sidebar_background_image": "",
      "checkout_sidebar_background_color": "#e8f3f6",
      "checkout_heading_font": "Roboto",
      "checkout_body_font": "Source Sans Pro",
      "checkout_accent_color": "#1990c6",
      "checkout_button_color": "#23314e",
      "checkout_error_color": "#ff6d6d",
      "sections": {
        "header": {
          "type": "header",
          "settings": {
            "align_logo": "left",
            "logo": "",
            "logo_max_width": 135,
            "main_linklist": "main-menu",
            "message": true,
            "color_bg": "#162950",
            "color_text": "#ffffff"
          }
        },
        "hero": {
          "type": "hero",
          "settings": {
            "alignment": "center",
            "hero_size": "x-large",
            "text_size": "large"
          }
        },
        "slideshow": {
          "type": "slideshow",
          "blocks": {
            "slideshow-0": {
              "type": "image",
              "settings": {
                "image": "",
                "alignment": "center center"
              }
            },
            "1492095993817": {
              "type": "image",
              "settings": {
                "image": "",
                "alignment": "center"
              }
            }
          },
          "block_order": [
            "slideshow-0",
            "1492095993817"
          ],
          "settings": {
            "slideshow_height": "medium",
            "text_size": "medium",
            "autorotate": false,
            "autorotate_speed": 5
          }
        },
        "featured-collections": {
          "type": "collection",
          "settings": {
            "grid": 3,
            "rows": 1,
            "show_vendor": true,
            "show_view_all": true
          }
        },
        "product-template": {
          "type": "product-template",
          "settings": {
            "show_quantity_selector": false,
            "show_variant_labels": true,
            "show_vendor": false,
            "show_share_buttons": true,
            "media_size": "medium",
            "enable_image_zoom": true,
            "enable_video_looping": false
          }
        },
        "collection-template": {
          "type": "collection-template",
          "settings": {
            "layout": "grid",
            "grid": 2,
            "rows": 2,
            "show_collection_image": true,
            "show_vendor": false,
            "sort_enable": true,
            "tags_enable": true
          }
        },
        "1492033809691": {
          "type": "map",
          "settings": {
          }
        },
        "1492033877875": {
          "type": "quotes",
          "blocks": {
            "1492033877875-0": {
              "type": "quote",
              "settings": {
              }
            }
          },
          "block_order": [
            "1492033877875-0"
          ],
          "settings": {
          }
        },
        "1492033924902": {
          "type": "custom-content",
          "blocks": {
            "1492033924902-0": {
              "type": "text",
              "settings": {
                "width": "100%",
                "alignment": "center",
                "align_text": "center"
              }
            }
          },
          "block_order": [
            "1492033924902-0"
          ],
          "settings": {
            "title": ""
          }
        },
        "1492096252560": {
          "type": "collection-list",
          "blocks": {
            "1492096252560-0": {
              "type": "featured_collection",
              "settings": {
              }
            },
            "1492096252560-1": {
              "type": "featured_collection",
              "settings": {
              }
            },
            "1492096252560-2": {
              "type": "featured_collection",
              "settings": {
              }
            }
          },
          "block_order": [
            "1492096252560-0",
            "1492096252560-1",
            "1492096252560-2"
          ],
          "settings": {
            "grid": 3
          }
        },
        "blog-template": {
          "type": "blog-template",
          "settings": {
            "layout": "grid",
            "blog_show_author": true,
            "blog_show_date": false
          }
        },
        "article-template": {
          "type": "article-template",
          "settings": {
            "blog_show_author": true,
            "blog_show_date": true,
            "show_share_buttons": true
          }
        },
        "cart-template": {
          "type": "cart-template",
          "settings": {
            "cart_notes_enable": false
          }
        },
        "footer": {
          "type": "footer",
          "blocks": {
            "link_list": {
              "type": "link_list",
              "settings": {
              }
            },
            "text": {
              "type": "text",
              "settings": {
              }
            },
            "newsletter": {
              "type": "newsletter",
              "settings": {
              }
            }
          },
          "block_order": [
            "link_list",
            "text",
            "newsletter"
          ],
          "settings": {
            "color_footer_bg": "#f8f8f8",
            "color_footer_text": "#6d6d6d"
          }
        }
      },
      "content_for_index": [
        "hero",
        "featured-collections",
        "slideshow",
        "1492033924902",
        "1492096252560",
        "1492033877875",
        "1492033809691"
      ]
    }
  }
}