{"articles":[{"id":387634200611,"title":"Join the One Self Network","created_at":"2020-10-29T19:46:44-06:00","body_html":"\u003cdiv\u003e\u003ca href=\"https:\/\/oneself.mn.co\/\" target=\"_blank\" title=\"one self\" rel=\"noopener noreferrer\"\u003e\u003cimg src=\"https:\/\/cdn.shopify.com\/s\/files\/1\/0281\/7887\/4403\/files\/os_black_gold_2.x1_600x600.png?v=1604020788\" alt=\"one self symbol\" style=\"float: none;\" width=\"600x600\" height=\"600x600\"\u003e\u003c\/a\u003e\u003c\/div\u003e\n\u003cp\u003e \u003c\/p\u003e\n\u003cp\u003eReady to engage further in the ACIM conversation? Join \u003cstrong style=\"font-size: 1.1em;\"\u003e\u003ca href=\"https:\/\/oneself.mn.co\/\" target=\"_blank\" title=\"one self\" rel=\"noopener noreferrer\"\u003eOne Self\u003c\/a\u003e,\u003c\/strong\u003e an alex brady online \u003cem\u003eA Course in Miracles\u003c\/em\u003e community at \u003ca href=\"https:\/\/oneself.mn.co\" title=\"one self mighty network\"\u003eoneself.mn.\u003c\/a\u003e\u003ca href=\"https:\/\/oneself.mn.co\" target=\"_blank\" title=\"one self mighty network\" rel=\"noopener noreferrer\"\u003eco\u003c\/a\u003e.\u003c\/p\u003e\n\u003cp\u003eBuilt for the purpose of providing an easy-access gathering area for students of ACIM, \u003cstrong style=\"font-size: 1.1em;\"\u003eOne Self\u003c\/strong\u003e provides the following communication abilities:\u003c\/p\u003e\n\u003cul\u003e\n\u003cli\u003ePost articles or short posts for discussion with other selves\u003c\/li\u003e\n\u003cli\u003eGain access to our members only Slack channel for real time, chat communication.\u003c\/li\u003e\n\u003cli\u003eAccess \u003cstrong style=\"font-size: 1.1em;\"\u003eOne Self\u003c\/strong\u003e exclusive video conference channels.\u003c\/li\u003e\n\u003c\/ul\u003e\n\u003cp\u003eOne Self provides a space for:\u003c\/p\u003e\n\u003cul\u003e\n\u003cli\u003eDiscussions\u003c\/li\u003e\n\u003cli\u003eCollaboration and research efforts\u003c\/li\u003e\n\u003cli\u003ePicture sharing\u003c\/li\u003e\n\u003cli\u003eSelf-guided and interpersonal guidance\u003c\/li\u003e\n\u003c\/ul\u003e\n\u003cp style=\"color: white; background-color: white; font-sie: .6em;\"\u003enone of this is about sex\u003c\/p\u003e\n\u003chr\u003e\n\u003cp\u003e\u003cstrong style=\"font-size: 1.1em;\"\u003eOne Self\u003c\/strong\u003e is a system of communication platforms: \u003ca href=\"https:\/\/mightynetworks.com\/\" target=\"_blank\" title=\"might networks\" rel=\"noopener noreferrer\"\u003eMighty Networks\u003c\/a\u003e, \u003ca href=\"https:\/\/slack.com\" target=\"_blank\" title=\"slack\" rel=\"noopener noreferrer\"\u003eSlack\u003c\/a\u003e, and \u003ca href=\"https:\/\/hangouts.google.com\" target=\"_blank\" title=\"google hangouts\" rel=\"noopener noreferrer\"\u003eGoogle Hangouts\u003c\/a\u003e.\u003c\/p\u003e\n\u003cp\u003eAs always, \u003ca href=\"https:\/\/reddit.com\/r\/acim\" target=\"_blank\" title=\"r\/acim\" rel=\"noopener noreferrer\"\u003ereddit.com\/r\/acim\u003c\/a\u003e is a great, non-alexbrady resource for interacting with ACIM fans.\u003c\/p\u003e\n\u003cp\u003eThanks to all those the teams that put those services together.\u003c\/p\u003e\n\u003cp\u003eIf you'd like to set up a similar community for your interest group, \u003ca href=\"https:\/\/iamalexbrady.com\/pages\/contact-a-b\" target=\"_blank\" title=\"contact ab\" rel=\"noopener noreferrer\"\u003econtact me\u003c\/a\u003e! I'll set you up with someone who can help.\u003c\/p\u003e\n\u003cp\u003e- alex brady\u003c\/p\u003e\n\u003ch2 style=\"text-align: center;\"\u003e\u003ca href=\"https:\/\/oneself.mn.co\/\" target=\"_blank\" title=\"one self\" rel=\"noopener noreferrer\"\u003eOne Self, a miracle society\u003c\/a\u003e\u003c\/h2\u003e\n\u003cdiv class=\"course-quote\"\u003e\n\u003cdiv class=\"text\" style=\"text-align: center;\"\u003eI am One Self.\u003cbr\u003eAt one with every aspect of creation.\u003cbr\u003eLimitless in power and in peace.\u003c\/div\u003e\n\u003c\/div\u003e","blog_id":51132596259,"author":"alex brady","user_id":40701493283,"published_at":"2020-10-29T19:46:43-06:00","updated_at":"2020-11-04T15:14:00-07:00","summary_html":"\u003cp\u003e\u003cspan\u003eReady to engage further in the ACIM conversation? Join \u003c\/span\u003e\u003cstrong\u003e\u003ca href=\"https:\/\/oneself.mn.co\/\" target=\"_blank\" title=\"one self\" rel=\"noopener noreferrer\"\u003eOne Self\u003c\/a\u003e,\u003c\/strong\u003e\u003cspan\u003e and alex brady online \u003c\/span\u003e\u003cem\u003eA Course in Miracles\u003c\/em\u003e\u003cspan\u003e community. \u003c\/span\u003e\u003cstrong\u003eOne Self\u003c\/strong\u003e\u003cspan\u003e \u003c\/span\u003eprovides the following communication abilities:\u003c\/p\u003e\n\u003cul\u003e\n\u003cli\u003ePost articles or short posts for discussion with other selves\u003c\/li\u003e\n\u003cli\u003eGain access to our members only Slack channel for real time, chat communication.\u003c\/li\u003e\n\u003cli\u003eAccess exclusive video conference channels.\u003c\/li\u003e\n\u003c\/ul\u003e\n\u003cp\u003eRead more and join!\u003c\/p\u003e","template_suffix":"","handle":"join-the-one-self-network","tags":"","admin_graphql_api_id":"gid:\/\/shopify\/OnlineStoreArticle\/387634200611","image":{"created_at":"2020-10-29T19:46:44-06:00","alt":"","width":1563,"height":1563,"src":"https:\/\/cdn.shopify.com\/s\/files\/1\/0281\/7887\/4403\/articles\/gold_on_black.png?v=1604022404"}},{"id":384839417891,"title":"midnight meditation - Sept 1-14","created_at":"2020-08-28T22:34:46-06:00","body_html":"\u003cp\u003eWelcome to Midnight Meditation. We attempt to reach the deepest recesses of our \u003cstrong\u003eindividual\u003c\/strong\u003e minds.\u003c\/p\u003e\n\u003cdiv style=\"text-align: justify; font-weight: bold; width: 75%; margin: 2em auto;\"\u003e\n\u003cp\u003eIn seeking the [group meditation session], you look not for glory in \u003cem\u003eyourself\u003c\/em\u003e. You have denied that it is \u003cem\u003ethere\u003c\/em\u003e, and the relationship becomes your \u003cem\u003esubstitute\u003c\/em\u003e for it.\u003c\/p\u003e\n\u003cp style=\"color: gray; text-align: center; margin-top: -1em; font-size: .8em;\"\u003e\u003ca href=\"http:\/\/cocreatingclarity.org\/JCIM5\/findL.php?B=Tx:\u0026amp;P=16.74\u0026amp;W=463\u0026amp;S=32\u0026amp;term=You%20have%20denied%20that%20it%20is%20there\u0026amp;I=74\" target=\"_blank\" title=\"ACIM chapter 16 paragraph 74 OE\" rel=\"noopener noreferrer\"\u003e(\u003cem\u003eA Course in Miracles\u003c\/em\u003e, Tx:16.74)\u003c\/a\u003e\u003c\/p\u003e\n\u003c\/div\u003e\n\u003cp\u003eLet's flip that script.\u003c\/p\u003e\n\u003cp\u003eThe rules:\u003c\/p\u003e\n\u003cul\u003e\n\u003cli\u003eLights out\u003c\/li\u003e\n\u003cli\u003eNo cams\u003c\/li\u003e\n\u003cli\u003eNo talking\u003c\/li\u003e\n\u003cli\u003eFind your self\u003c\/li\u003e\n\u003c\/ul\u003e\n\u003cp\u003eThere will be a brief intro and a thought of the \u003cspan style=\"text-decoration: line-through;\"\u003eday\u003c\/span\u003e night provided by the host. Feel free to use your own (words (or host)) or none at all.\u003c\/p\u003e\n\u003cp\u003e30 minutes, starting on the hour. Everyone's invited. Join when you can.\u003c\/p\u003e\n\u003cp\u003e- alex brady\u003c\/p\u003e\n\u003cp\u003e \u003c\/p\u003e\n\u003cp\u003eTime: 12AM ET \/ 11PM CT \/ 10PM MT \/ 4AM GMT\u003c\/p\u003e\n\u003cp\u003eDay: Daily reoccurring September 1th - 14th\u003c\/p\u003e\n\u003cp\u003eLocation:\u003cspan\u003e \u003c\/span\u003e\u003ca href=\"https:\/\/us04web.zoom.us\/j\/8166003318?pwd=K0tFMWxZVGsrTUFYbFBKNDh4OFd5QT09\" target=\"_blank\" title=\"ab zooms\" rel=\"noopener noreferrer\"\u003ealex brady's zoom room\u003c\/a\u003e\u003c\/p\u003e\n\u003cp\u003e \u003c\/p\u003e\n\u003cp\u003e\u003ca href=\"https:\/\/www.youtube.com\/playlist?list=PLQUn1ahLSHyVtAYAk2gPLJlYw0tCkchrA\" target=\"_blank\" title=\"midnight meditation playlist\" rel=\"noopener noreferrer\"\u003eYoutube Playlist\u003c\/a\u003e\u003c\/p\u003e\n\u003cp\u003e\u003ca href=\"https:\/\/www.youtube.com\/watch?v=LvyPVDSuN6g\u0026amp;list=PLQUn1ahLSHyVtAYAk2gPLJlYw0tCkchrA\u0026amp;index=3\" target=\"_blank\" title=\"midnight meditation 9\/1\" rel=\"noopener noreferrer\"\u003eSept. 1 - \"I am one Self\"\u003c\/a\u003e\u003c\/p\u003e\n\u003cp\u003e\u003ca href=\"https:\/\/www.youtube.com\/watch?v=22YEEcA8C_c\u0026amp;list=PLQUn1ahLSHyVtAYAk2gPLJlYw0tCkchrA\u0026amp;index=2\u0026amp;t=15s\" target=\"_blank\" title=\"midnight meditation 9\/2\" rel=\"noopener noreferrer\"\u003eSept. 2 - \"I am the holy Son\"\u003c\/a\u003e\u003c\/p\u003e\n\u003cp\u003e\u003ca href=\"https:\/\/www.youtube.com\/watch?v=gEF35qIgRrk\u0026amp;list=PLQUn1ahLSHyVtAYAk2gPLJlYw0tCkchrA\u0026amp;index=3\" target=\"_blank\" title=\"youtube link sept 3\" rel=\"noopener noreferrer\"\u003eSept. 3 - \"I do not know the thing I am\"\u003c\/a\u003e\u003c\/p\u003e\n\u003cp\u003e\u003ca href=\"https:\/\/www.youtube.com\/watch?v=oPHX7HNzJQI\u0026amp;list=PLQUn1ahLSHyVtAYAk2gPLJlYw0tCkchrA\u0026amp;index=4\" target=\"_blank\" title=\"youtube link sept 4\" rel=\"noopener noreferrer\"\u003eSept. 4 - \"Perfection created me perfect\"\u003c\/a\u003e\u003c\/p\u003e\n\u003cp\u003e\u003ca href=\"https:\/\/www.youtube.com\/watch?v=Giig9NzB7WQ\u0026amp;list=PLQUn1ahLSHyVtAYAk2gPLJlYw0tCkchrA\u0026amp;index=5\" target=\"_blank\" title=\"youtube link sept 6\" rel=\"noopener noreferrer\"\u003eSept. 6 - \"Miracles are seen in light\"\u003c\/a\u003e\u003c\/p\u003e\n\u003cp\u003e\u003ca href=\"https:\/\/www.youtube.com\/watch?v=DllyXePnhDU\u0026amp;list=PLQUn1ahLSHyVtAYAk2gPLJlYw0tCkchrA\u0026amp;index=6\" target=\"_blank\" title=\"youtube link sept 7\" rel=\"noopener noreferrer\"\u003eSept. 7 - \"Peace to my mind\"\u003c\/a\u003e\u003c\/p\u003e\n\u003cp\u003e\u003ca href=\"https:\/\/www.youtube.com\/watch?v=x-ma9_BIyYc\u0026amp;list=PLQUn1ahLSHyVtAYAk2gPLJlYw0tCkchrA\u0026amp;index=7\" target=\"_blank\" title=\"youtube link sept 8\" rel=\"noopener noreferrer\"\u003eSept. 8 - \"I am strong, powerful\"\u003c\/a\u003e\u003c\/p\u003e\n\u003cp\u003e\u003ca href=\"https:\/\/www.youtube.com\/watch?v=icgXkWzylWA\u0026amp;list=PLQUn1ahLSHyVtAYAk2gPLJlYw0tCkchrA\u0026amp;index=8\" target=\"_blank\" title=\"youtube link sept 9\" rel=\"noopener noreferrer\"\u003eSept. 9 - \"Only my condemnation\"\u003c\/a\u003e\u003c\/p\u003e\n\u003cp\u003e\u003ca href=\"https:\/\/www.youtube.com\/watch?v=pBbY-fP4wGU\u0026amp;list=PLQUn1ahLSHyVtAYAk2gPLJlYw0tCkchrA\u0026amp;index=9\" target=\"_blank\" title=\"youtube link sept 10\" rel=\"noopener noreferrer\"\u003eSept. 10 - \"Peace be to us\"\u003c\/a\u003e\u003c\/p\u003e\n\u003cp\u003e\u003ca href=\"https:\/\/www.youtube.com\/watch?v=Uf7riiR9Bl4\u0026amp;list=PLQUn1ahLSHyVtAYAk2gPLJlYw0tCkchrA\u0026amp;index=10\" target=\"_blank\" title=\"youtube link sept 11\" rel=\"noopener noreferrer\"\u003eSept. 11 - \"God's will is perfect happiness\"\u003c\/a\u003e\u003c\/p\u003e\n\u003cp\u003e\u003ca href=\"https:\/\/www.youtube.com\/watch?v=jDxjV7UPkAY\u0026amp;list=PLQUn1ahLSHyVtAYAk2gPLJlYw0tCkchrA\u0026amp;index=11\" target=\"_blank\" title=\"youtube link sept 12\" rel=\"noopener noreferrer\"\u003eSept. 12 - \"Certainty\"\u003c\/a\u003e\u003c\/p\u003e\n\u003cp\u003e\u003ca href=\"https:\/\/www.youtube.com\/watch?v=Xdsjb4se2tc\u0026amp;list=PLQUn1ahLSHyVtAYAk2gPLJlYw0tCkchrA\u0026amp;index=12\" target=\"_blank\" title=\"youtube link sept 13\" rel=\"noopener noreferrer\"\u003eSept. 13 - \"Separation is a decision\"\u003c\/a\u003e\u003c\/p\u003e\n\u003cp\u003e\u003ca href=\"https:\/\/www.youtube.com\/watch?v=rwpYb1YcZpQ\u0026amp;list=PLQUn1ahLSHyVtAYAk2gPLJlYw0tCkchrA\u0026amp;index=13\" target=\"_blank\" title=\"youtube link sept 14\" rel=\"noopener noreferrer\"\u003eSept. 14 - \"Turn down for what\"\u003c\/a\u003e\u003c\/p\u003e","blog_id":51132596259,"author":"alex brady","user_id":40701493283,"published_at":"2020-08-29T10:37:00-06:00","updated_at":"2020-09-29T01:06:20-06:00","summary_html":"\u003cp\u003eWelcome to Midnight Meditation. We attempt to reach the deepest recesses of our\u003cspan\u003e \u003c\/span\u003e\u003cstrong\u003eindividual\u003c\/strong\u003e\u003cspan\u003e \u003c\/span\u003eminds.\u003c\/p\u003e\n\u003cp\u003eLights out. No cams. No talking.\u003c\/p\u003e\n\u003cp\u003eEveryone's invited.\u003c\/p\u003e\n\u003cp\u003e- alex brady\u003c\/p\u003e","template_suffix":"","handle":"midnight-meditation-sept-1st-14th","tags":"","admin_graphql_api_id":"gid:\/\/shopify\/OnlineStoreArticle\/384839417891","image":{"created_at":"2020-08-29T16:11:40-06:00","alt":"","width":1153,"height":1153,"src":"https:\/\/cdn.shopify.com\/s\/files\/1\/0281\/7887\/4403\/articles\/event_meditationpng.png?v=1598739100"}},{"id":384609452067,"title":"midday meditation - july 15-29","created_at":"2020-07-15T11:52:51-06:00","body_html":"\u003cp\u003eWe come together for 30 minutes and sit with our thoughts in quiet. A meditative phrase for contemplation will be provided, but feel free to bring your own (or none) as well.\u003c\/p\u003e\n\u003cp\u003eSpeaking is not encouraged. After meditation, join us in \u003ca href=\"https:\/\/iamalexbrady.com\/blogs\/events\/midday-chat-daily-july-15th-29th\" title=\"midday chat\"\u003emidday chat\u003c\/a\u003e to discuss the ideas and experiences that came up for you.\u003c\/p\u003e\n\u003cp\u003eFor smaller conversations afterward, online breakout rooms are provided.\u003c\/p\u003e\n\u003cp\u003elook forward to seeing you here\u003c\/p\u003e\n\u003cp\u003e- alex brady\u003c\/p\u003e\n\u003cp\u003e \u003c\/p\u003e\n\u003cp\u003eTime: 12PM MT \/\/ 6PM GMT\u003c\/p\u003e\n\u003cp\u003eDay: Daily reoccuring\u003c\/p\u003e\n\u003cp\u003eLocation: alex brady's zoom room\u003c\/p\u003e\n\u003cp\u003e \u003c\/p\u003e\n\u003ch2\u003e\u003ca href=\"https:\/\/us04web.zoom.us\/j\/79818329678?pwd=Vm12UVdpVHI4NVBSak8rMmE3NTJVUT09\" target=\"_blank\" title=\"join a.bs zoom room now\" rel=\"noopener noreferrer\"\u003eis it meeting time? click here to join now!\u003c\/a\u003e\u003c\/h2\u003e","blog_id":51132596259,"author":"alex brady","user_id":40701493283,"published_at":"2020-07-15T11:52:00-06:00","updated_at":"2020-08-29T16:12:13-06:00","summary_html":"\u003cspan\u003eWe come together for 30 minutes and sit with our thoughts in quiet. A meditative phrase for contemplation will be provided, but feel free to bring your own (or none) as well.\u003c\/span\u003e","template_suffix":null,"handle":"midday-meditation-july-15-29","tags":"","admin_graphql_api_id":"gid:\/\/shopify\/OnlineStoreArticle\/384609452067","image":{"created_at":"2020-08-29T16:12:13-06:00","alt":"","width":1153,"height":1153,"src":"https:\/\/cdn.shopify.com\/s\/files\/1\/0281\/7887\/4403\/articles\/event_meditationpng_1a636c9b-1dfc-433b-9fb0-64bc1fd0c46e.png?v=1598739133"}},{"id":384609288227,"title":"midday chat - july 15th-29th","created_at":"2020-07-15T11:40:05-06:00","body_html":"\u003cp\u003eAfter midday meditation, we meet to express the understandings that came to us. or we tell jokes. we sit with each other and communicate for 30 minutes or so.\u003c\/p\u003e\n\u003cp\u003eFor continued conversation, breakout rooms are provided.\u003c\/p\u003e\n\u003cp\u003e- alex brady\u003c\/p\u003e\n\u003cp\u003e \u003c\/p\u003e\n\u003cp\u003eTime: 12PM MT \/\/ 6PM GMT\u003c\/p\u003e\n\u003cp\u003eDay: Daily reoccuring\u003c\/p\u003e\n\u003cp\u003eLocation:\u003cspan\u003e \u003c\/span\u003e\u003ca href=\"https:\/\/us04web.zoom.us\/j\/72324830850?pwd=SXJpZU5VL2xrbzhhZEdjTXRjQnRLUT09\" target=\"_blank\" title=\"ab zooms\" rel=\"noopener noreferrer\"\u003ealex brady's zoom room\u003c\/a\u003e\u003c\/p\u003e\n\u003cp\u003e \u003c\/p\u003e\n\u003ch2\u003e\u003ca href=\"https:\/\/us04web.zoom.us\/j\/72324830850?pwd=SXJpZU5VL2xrbzhhZEdjTXRjQnRLUT09\" target=\"_blank\" title=\"join a.bs zoom room now\" rel=\"noopener noreferrer\"\u003eis it meeting time? click here to join now\u003c\/a\u003e\u003c\/h2\u003e","blog_id":51132596259,"author":"alex brady","user_id":40701493283,"published_at":"2020-07-15T11:36:00-06:00","updated_at":"2020-08-29T16:11:58-06:00","summary_html":"\u003cspan\u003eafter midday meditation, we meet to express the understandings that came to us. or we tell jokes. we sit with each other and communicate.\u003c\/span\u003e","template_suffix":null,"handle":"midday-chat-daily-july-15th-29th","tags":"","admin_graphql_api_id":"gid:\/\/shopify\/OnlineStoreArticle\/384609288227","image":{"created_at":"2020-08-29T16:11:58-06:00","alt":"","width":1153,"height":1153,"src":"https:\/\/cdn.shopify.com\/s\/files\/1\/0281\/7887\/4403\/articles\/event_meditationpng_e5b353b5-81fb-4410-831c-11a9c0e906f7.png?v=1598739118"}}]}