{"articles":[{"id":387595632675,"title":"Announcing Messenger Series","created_at":"2020-10-20T19:04:27-06:00","body_html":"\u003cstyle\u003e\u003c!--\n.design-img { padding: 10%; border: 1px solid black; }\n.bg-black { background-color: black; }\n--\u003e\u003c\/style\u003e\n\u003cp\u003eDesigns that send a message. A word in Courier New font to not distract from the simplicity of it all.\u003c\/p\u003e\n\u003cp\u003e\u003cstrong\u003eCourier (noun) -\u003c\/strong\u003e\u003c\/p\u003e\n\u003cul\u003e\n\u003cli\u003ea company that transports commercial packages and documents\u003c\/li\u003e\n\u003cli\u003ea messenger for an underground or espionage organization.\u003c\/li\u003e\n\u003c\/ul\u003e\n\u003cp\u003eYour pick.\u003c\/p\u003e\n\u003cdiv style=\"text-align: start;\"\u003e\u003ca href=\"https:\/\/iamalexbrady.com\/collections\/messenger-series\" target=\"_blank\" title=\"messenger series\" rel=\"noopener noreferrer\"\u003e\u003cimg src=\"https:\/\/cdn.shopify.com\/s\/files\/1\/0281\/7887\/4403\/files\/messenger_collection_480x480.png?v=1603210265\" alt=\"messenger series\" style=\"margin: 44px 59.2px 44px 59.2px; float: none;\"\u003e\u003c\/a\u003e\u003c\/div\u003e\n\u003cdiv style=\"text-align: center;\"\u003ealexbrady maiden series, inspired by themes from \u003cem\u003eA Course in Miracles\u003c\/em\u003e.\u003c\/div\u003e\n\u003cdiv style=\"text-align: center;\"\u003e\u003ca href=\"https:\/\/iamalexbrady.com\/blogs\/ab-is-ba\/get-a-course-in-miracles\" target=\"_blank\" title=\"get a course in miracles\" rel=\"noopener noreferrer\"\u003e(Get \u003cem\u003eA Course in Miracles\u003c\/em\u003e)\u003c\/a\u003e\u003c\/div\u003e\n\u003ch2 style=\"text-align: center;\"\u003e\u003ca href=\"https:\/\/iamalexbrady.com\/collections\/messenger-series\" target=\"_blank\" title=\"messenger series\" rel=\"noopener noreferrer\"\u003eClick to view in store now.\u003c\/a\u003e\u003c\/h2\u003e\n\u003cdiv style=\"text-align: start;\"\u003e\u003c\/div\u003e\n\u003chr\u003e\n\u003cp\u003e \u003c\/p\u003e\n\u003cp style=\"text-align: center;\"\u003e\u003cimg src=\"https:\/\/cdn.shopify.com\/s\/files\/1\/0281\/7887\/4403\/files\/believe_in_miracles_black_480x480.png?v=1603211090\" alt=\"believe in miracles design\" style=\"display: block; margin-left: auto; margin-right: auto;\" class=\"design-img\"\u003e\u003c\/p\u003e\n\u003ch2 style=\"text-align: center;\"\u003ebelieve in miracles\u003c\/h2\u003e\n\u003cp style=\"text-align: center;\"\u003eEither they're real or they're not, and chances are you have no idea which it is.\u003cbr\u003e\u003cbr\u003e\u003cstrong\u003eMiracle principle #6:\u003c\/strong\u003e\u003cbr\u003eMiracles are natural. When they do not occur something has gone wrong.\u003cbr\u003e\u003cbr\u003eMight as well believe\u003c\/p\u003e\n\u003cp style=\"text-align: center;\"\u003e \u003c\/p\u003e\n\u003chr\u003e\n\u003cp style=\"text-align: center;\"\u003e \u003cimg src=\"https:\/\/cdn.shopify.com\/s\/files\/1\/0281\/7887\/4403\/files\/very_holy_white_480x480.png?v=1603211122\" alt=\"very holy\" class=\"design-img bg-black\"\u003e\u003c\/p\u003e\n\u003ch2 style=\"text-align: center;\"\u003every holy\u003c\/h2\u003e\n\u003cp style=\"text-align: center;\"\u003ehey if it's true it's true\u003c\/p\u003e\n\u003cp style=\"text-align: center;\"\u003e\u003cbr\u003e\u003cem\u003eMy mind is part of God's.\u003c\/em\u003e\u003cbr\u003e\u003cem\u003eI am very holy.\u003c\/em\u003e\u003cbr\u003e- us via jesus\u003cbr\u003e\u003cbr\u003eyou can believe it or not. if you like the idea, keep this design around as a reminder. wear it to flex on your equally holy neighbors who don't own this hat. \u003cspan\u003e😂\u003c\/span\u003e\u003cbr\u003e\u003cbr\u003eactually, you know what, get them an a.b hat. they could probably use one. 🧢\u003c\/p\u003e\n\u003cp style=\"text-align: center;\"\u003e \u003c\/p\u003e\n\u003chr\u003e\n\u003cp style=\"text-align: center;\"\u003e \u003c\/p\u003e\n\u003cp style=\"text-align: center;\"\u003e\u003cimg src=\"https:\/\/cdn.shopify.com\/s\/files\/1\/0281\/7887\/4403\/files\/child_of_god_black_480x480.png?v=1603211096\" alt=\"child of god design\" class=\"design-img\"\u003e\u003c\/p\u003e\n\u003ch2 style=\"text-align: center;\"\u003echild of God\u003c\/h2\u003e\n\u003cp style=\"text-align: center;\"\u003eif there is a creator of the universe (soft if), by definition all this within the universe is its child. Substitute \"God\" for creator and this hat for the universe and you'll see why this is the most appropriate hat one could wear. Probably most appropriate hat ever, it's that appropriate.\u003c\/p\u003e\n\u003cp style=\"text-align: center;\"\u003eShare your heritage with the world.\u003cbr\u003e\u003cbr\u003e\u003cem\u003eYou are a child of God, a priceless part of His Kingdom, which He created as part of Him. Nothing else exists and only this is real. You have chosen a sleep in which you have had bad dreams, but the sleep is not real and God calls you to awake.\u003c\/em\u003e\u003cbr\u003e- Jesus, ACIM\u003c\/p\u003e\n\u003cp style=\"text-align: center;\"\u003e \u003c\/p\u003e\n\u003chr\u003e\n\u003cp style=\"text-align: center;\"\u003e \u003c\/p\u003e\n\u003cdiv style=\"text-align: center;\"\u003e\u003c\/div\u003e\n\u003cp style=\"text-align: center;\"\u003e\u003cimg src=\"https:\/\/cdn.shopify.com\/s\/files\/1\/0281\/7887\/4403\/files\/who_walks_with_me_white_480x480.png?v=1603211128\" alt=\"who walks with me?\" class=\"design-img bg-black\"\u003e\u003c\/p\u003e\n\u003ch2 style=\"text-align: center;\"\u003ewho walks with me?\u003c\/h2\u003e\n\u003cp style=\"text-align: center;\"\u003elet's ask today. let's ask 1000 times.\u003c\/p\u003e\n\u003cp style=\"text-align: center;\"\u003e\u003cbr\u003e\u003cem\u003e\"Who walks with me?\" This question should be asked a thousand times a day, till certainty has ended doubting and established peace. Today let doubting cease. God speaks for you in answering your question with these words:\u003c\/em\u003e\u003cbr\u003e\u003cem\u003eI walk with God in perfect holiness.\u003c\/em\u003e\u003cbr\u003e- jesus\u003cbr\u003e\u003cbr\u003elet's remember the answer, too!\u003c\/p\u003e\n\u003cp style=\"text-align: center;\"\u003e \u003c\/p\u003e\n\u003chr\u003e\n\u003cp style=\"text-align: center;\"\u003e \u003c\/p\u003e\n\u003ch2 style=\"text-align: center;\"\u003e\u003cimg src=\"https:\/\/cdn.shopify.com\/s\/files\/1\/0281\/7887\/4403\/files\/forgiveness_opportunity_black_480x480.png?v=1603211102\" alt=\"forgiveness opportunity design\" class=\"design-img\"\u003e\u003c\/h2\u003e\n\u003ch2 style=\"text-align: center;\"\u003eforgiveness opportunity\u003c\/h2\u003e\n\u003cp style=\"text-align: center;\"\u003ei apologize and i don't even know what i did or am about to do. will you ever forgive me? \u003cspan style=\"color: white; background-color: white;\"\u003eor, you know, die mad, lol\u003c\/span\u003e 😉\u003cbr\u003e\u003cbr\u003ethis is also a casual reminder for the me\/you\/us\/alexbrady to approach every situation prepared to be truly helpful\u003cbr\u003e\u003cbr\u003e\u003cem\u003eForgiveness is my function as the light of the world.\u003c\/em\u003e\u003cbr\u003e- alex brady, also jesus, probably you\u003c\/p\u003e\n\u003cp style=\"text-align: center;\"\u003e \u003c\/p\u003e\n\u003chr\u003e\n\u003cp style=\"text-align: center;\"\u003e \u003c\/p\u003e\n\u003ch2 style=\"text-align: center;\"\u003e\u003cimg src=\"https:\/\/cdn.shopify.com\/s\/files\/1\/0281\/7887\/4403\/files\/light_of_the_world_white_480x480.png?v=1603211107\" alt=\"light of the world design\" class=\"design-img bg-black\"\u003e\u003c\/h2\u003e\n\u003ch2 style=\"text-align: center;\"\u003elight of the world\u003c\/h2\u003e\n\u003cp style=\"text-align: center;\"\u003efirst a shout out to JC himself:\u003cbr\u003e\u003cem\u003eWhen Jesus spoke again to the people, he said, “I am the light of the world. Whoever follows me will never walk in darkness, but will have the light of life.”\u003c\/em\u003e\u003cbr\u003e- jesus\u003c\/p\u003e\n\u003cp style=\"text-align: center;\"\u003e\u003cbr\u003esecondly a shout out to you:\u003cbr\u003e\u003cem\u003eYour function here is to be the light of the world, a function given you by God. It is only the arrogance of the ego that leads you to question this, and only the fear of the ego that induces you to regard yourself as unworthy of the task assigned to you by God Himself. The world's salvation awaits your forgiveness, because through it does the Son of God escape from all illusions, and thus from all temptation. The Son of God is you.\u003c\/em\u003e\u003cbr\u003e- jesus\u003c\/p\u003e\n\u003cp style=\"text-align: center;\"\u003e\u003cbr\u003ecan you wear it? be prepared to do forgiveness.\u003c\/p\u003e\n\u003cp style=\"text-align: center;\"\u003e \u003c\/p\u003e\n\u003chr\u003e\n\u003cp style=\"text-align: center;\"\u003e \u003c\/p\u003e\n\u003cdiv\u003e\u003cimg src=\"https:\/\/cdn.shopify.com\/s\/files\/1\/0281\/7887\/4403\/files\/god_is_real_black_480x480.png?v=1603211135\" alt=\"god is real design\" class=\"design-img\" style=\"display: block; margin-left: auto; margin-right: auto;\"\u003e\u003c\/div\u003e\n\u003cp\u003e \u003c\/p\u003e\n\u003ch2 style=\"text-align: center;\"\u003eGod is real\u003c\/h2\u003e\n\u003cp style=\"text-align: center;\"\u003e\u003cspan\u003eThe solution to every problem you’ll ever have.\u003c\/span\u003e\u003c\/p\u003e\n\u003cp style=\"text-align: center;\"\u003e\u003cbr\u003e\u003cspan\u003e“God is real.”\u003c\/span\u003e\u003c\/p\u003e\n\u003cp style=\"text-align: center;\"\u003e\u003cbr\u003e\u003cspan\u003e‘Nuff said\u003c\/span\u003e\u003c\/p\u003e\n\u003cp style=\"text-align: center;\"\u003e \u003c\/p\u003e\n\u003chr\u003e\n\u003cp style=\"text-align: center;\"\u003e \u003c\/p\u003e\n\u003cp style=\"text-align: center;\"\u003e\u003cspan\u003e\u003cimg src=\"https:\/\/cdn.shopify.com\/s\/files\/1\/0281\/7887\/4403\/files\/miracles_seen_white_480x480.png?v=1603211116\" alt=\"miracles seen design\" class=\"design-img bg-black\"\u003e\u003c\/span\u003e\u003c\/p\u003e\n\u003ch2 style=\"text-align: center;\"\u003emiracles: seen\u003c\/h2\u003e\n\u003cp style=\"text-align: center;\"\u003e\u003cem\u003eMiracles are seen in light. Understanding is light.\u003c\/em\u003e\u003cbr\u003e- jesus\u003cbr\u003e\u003cbr\u003eget this design to remember something happened.\u003c\/p\u003e\n\u003cp style=\"text-align: center;\"\u003eright? you saw that too? \u003cspan style=\"text-decoration: underline;\"\u003esomething\u003c\/span\u003e happened.\u003c\/p\u003e\n\u003cp style=\"text-align: center;\"\u003e\u003cspan\u003e☑ miracle\u003c\/span\u003e\u003c\/p\u003e\n\u003cp style=\"text-align: center;\"\u003e \u003c\/p\u003e\n\u003chr\u003e\n\u003cp\u003e \u003c\/p\u003e\n\u003cp style=\"text-align: center;\"\u003e\u003ca href=\"https:\/\/iamalexbrady.com\/collections\/messenger-series\" target=\"_blank\" title=\"messenger series\" rel=\"noopener noreferrer\"\u003e\u003cimg src=\"https:\/\/cdn.shopify.com\/s\/files\/1\/0281\/7887\/4403\/files\/messenger_series_ad_2000x666_aaaf642e-11e9-4c62-b132-51e5c380e734_480x480.png?v=1602989431\" alt=\"link to messenger series store\"\u003e\u003c\/a\u003e\u003c\/p\u003e","blog_id":51531939875,"author":"alex brady","user_id":40701493283,"published_at":"2020-10-20T21:16:33-06:00","updated_at":"2020-10-21T02:05:36-06:00","summary_html":"\u003cp\u003e\u003cstrong\u003eMessenger Series\u003c\/strong\u003e\u003c\/p\u003e\n\u003cp\u003e\u003cspan\u003eDesigns that send a message. A word in Courier font to not distract from the simplicity of it all.\u003c\/span\u003e\u003c\/p\u003e\n\u003cp\u003e\u003cspan\u003ealexbrady maiden series, inspired by themes from \u003cem\u003eA Course in Miracles\u003c\/em\u003e.\u003c\/span\u003e\u003c\/p\u003e","template_suffix":"","handle":"announcing-messenger-series","tags":"","admin_graphql_api_id":"gid:\/\/shopify\/OnlineStoreArticle\/387595632675","image":{"created_at":"2020-10-20T21:16:34-06:00","alt":"","width":2054,"height":2054,"src":"https:\/\/cdn.shopify.com\/s\/files\/1\/0281\/7887\/4403\/articles\/messenger_collection.png?v=1603250195"}}]}