{"articles":[{"id":387732733987,"title":"Q\u0026A - What is A Course in Miracles?","created_at":"2020-12-02T17:55:11-07:00","body_html":"\u003cstyle\u003e\u003c!--\n\n    .content-wrapper { margin: 0 20px; }\n\n    \/* heading *\/\n    .heading {\n        font-weight: bold;\n        padding: 1em 20px;\n        margin-top: 1em;\n        margin-bottom: 1em;\n        border-bottom: 2px solid #333;\n    }\n\n    \/* article *\/\n    .article {\n        line-height: 1.5;\n        text-align: justify;\n    }\n\n    .article p {\n        margin-bottom: 1.5em;\n    }\n\n    .article ol, .article ul {\n        padding: 0;\nmargin: auto;\nlist-style:none;\n    }\n    .article li {\n        margin-bottom: 1em;\npadding: 0;\n    }\n\n    \/* auxilliary quotation *\/\n    .reference {\n        width: 95%b\n        text-align: justify;\n        line-height: 1.5;\n        margin: auto;\n        border: 1px solid #333;\n        padding: 2em;\n        margin-bottom: 1em;\n    }\n\n    .reference p {\n        margin-bottom: 1.5em;\n    }\n\n    .reference .inner-quote {\n        text-align: center;\n        font-style: italic;\n    }\n\n    .reference .inner-quote p:not(:last-of-type) { margin-bottom: 0; }\n\n    .reference .citation {\n        text-align: center;\n        font-size: 1em;\n        font-weight: bold;\n    }\n--\u003e\u003c\/style\u003e\n\u003cdiv class=\"heading\"\u003e\n\u003cdiv class=\"content-wrapper\"\u003e\n\u003ch2 id=\"what-is-acim\"\u003eWhat is \u003ci\u003eA Course in Miracles\u003c\/i\u003e?\u003c\/h2\u003e\n\u003c\/div\u003e\n\u003c\/div\u003e\n\u003cdiv class=\"content-wrapper\"\u003e\n\u003cdiv class=\"article\"\u003e\n\u003cp\u003e\u003ci\u003eA Course in Miracles\u003c\/i\u003e is a self-study spiritual teaching and program with the aim of bringing the learner to Self-realization as eternal spirit – the goal of all spiritual paths. This teaching is a proven direct method of restoring personal communication with the One Source of all that ever is, was, and will be. It provides a theoretical framework as well as a 365-day mind training program to guide learners in attaining this goal.\u003c\/p\u003e\n\u003cp\u003eIt is the work of Jesus Christ through scribe Helen Shucman and editor Bill Thetford. It was popularized by the teaching of Kenneth Wapnick. Read more of its history at \u003ca href=\"https:\/\/wikipedia.org\/wiki\/A_Course_in_Miracles\"\u003ehttps:\/\/wikipedia.org\/wiki\/A_Course_in_Miracles\u003c\/a\u003e.\u003c\/p\u003e\n\u003cp\u003eIt is composed of three parts: A Text, a Workbook, and a Teacher’s Manual.\u003c\/p\u003e\n\u003cul\u003e\n\u003cli\u003e\n\u003cb\u003eThe Text:\u003c\/b\u003e Foundational theory and framework of ideology\u003c\/li\u003e\n\u003cli\u003e\n\u003cb\u003eThe Workbook:\u003c\/b\u003e A 365-day program in mind training that guides students through the steps of Self-realization.\u003c\/li\u003e\n\u003cli\u003e\n\u003cb\u003eThe Manual for Teachers:\u003c\/b\u003e a collection of questions and answers regarding the practical day-to-day living of the teaching within \u003ci\u003eA Course in Miracles\u003c\/i\u003e as well as spiritual concerns not covered in the Text.\u003c\/li\u003e\n\u003c\/ul\u003e\n\u003cp\u003eThe Course itself says it is only one of many spiritual paths that lead to God or Self-realization. In modern times, it is the most easily accessible and straightforward approach at what is undoubtedly the highest goal attainable by humanity – personal salvation and salvation of the world.\u003c\/p\u003e\n\u003cp\u003eAttain your Higher Self from the comfort of your own seat. No dogma. No rituals. No sin. No punishment. Simply a teaching of the infinite and eternal nature of Love.\u003c\/p\u003e\n\u003c\/div\u003e\n\u003c\/div\u003e\n\u003cdiv class=\"content-wrapper\"\u003e\n\u003cdiv class=\"reference\"\u003e\n\u003cp\u003eThis is a course in miracles. It is a required course. Only the time you take it is voluntary. Free will does not mean that you can establish the curriculum. It means only that you may elect what you want to take at a given time.\u003c\/p\u003e\n\u003cp\u003eThe course does not aim at teaching the meaning of love, for that is beyondwhat can be taught. It does aim, however, at removing the blocks to the awarenessof love’s presence, which is your natural inheritance. The opposite of love is fear, but what is all-encompassing can have no opposite.\u003c\/p\u003e\n\u003cp\u003eThis course can therefore be summed up very simply in this way:\u003c\/p\u003e\n\u003cdiv class=\"inner-quote\"\u003e\n\u003cp\u003eNothing real can be threatened.\u003c\/p\u003e\n\u003cp\u003eNothing unreal exists.\u003c\/p\u003e\n\u003c\/div\u003e\n\u003cp\u003eHerein lies the peace of God.\u003c\/p\u003e\n\u003cdiv class=\"citation\"\u003e\n\u003ci\u003eA Course in Miracles\u003c\/i\u003e, Introduction\u003c\/div\u003e\n\u003c\/div\u003e\n\u003c\/div\u003e","blog_id":51532103715,"author":"alex brady","user_id":40701493283,"published_at":"2020-12-02T17:55:11-07:00","updated_at":"2020-12-02T18:03:05-07:00","summary_html":"\u003ci\u003eA Course in Miracles\u003c\/i\u003e\u003cspan\u003e is a self-study spiritual teaching and program with the aim of bringing the learner to Self-realization as eternal spirit – the goal of all spiritual paths. This teaching is a proven direct method of restoring personal communication with the One Source of all that ever is, was, and will be.\u003c\/span\u003e","template_suffix":"","handle":"q-a-what-is-a-course-in-miracles","tags":"","admin_graphql_api_id":"gid:\/\/shopify\/OnlineStoreArticle\/387732733987"},{"id":387596484643,"title":"abcim the Blog Post","created_at":"2020-10-20T23:37:59-06:00","body_html":"\u003cp\u003eThe alex brady Course in Miracles (abcim) is a set of steps for guaranteed spiritual enlightenment\/awakening\/realization.\u003c\/p\u003e\n\u003cp\u003eThe primary process is for you to a) see the humanity's world for what it is, b) read and cross-reference different spiritual paths to learn the dimension of self where to expect growth, and c) study\u003cspan\u003e \u003c\/span\u003e\u003ca href=\"https:\/\/iamalexbrady.com\/blogs\/ab-is-ba\/get-a-course-in-miracles\" target=\"_blank\" title=\"get A Course in Miracles\" rel=\"noopener noreferrer\"\u003eA Course in Miracles\u003c\/a\u003e, a complete breakdown of the egoic and spiritual thought processes, complete with guided practice in applying spiritual thought processes.\u003c\/p\u003e\n\u003ch2\u003eSteps for Spiritual Realization:\u003c\/h2\u003e\n\u003col class=\"description-list\"\u003e\n\u003cli\u003e\n\u003ch3 class=\"main-point\"\u003eJoin the Club\u003c\/h3\u003e\n\u003cp class=\"additional\"\u003eYour inner guidance system should be telling you to join. If you join, you're starting off right. It's at\u003cspan\u003e \u003c\/span\u003e\u003ca href=\"https:\/\/reddit.com\/r\/iamalexbrady\" target=\"_blank\" title=\"reddit iamalexbrady\" rel=\"noopener noreferrer\"\u003ereddit.com\/r\/iamalexbrady\u003c\/a\u003e\u003c\/p\u003e\n\u003c\/li\u003e\n\u003cli\u003e\n\u003ch3 class=\"main-point\"\u003eCultural Unlearning\u003c\/h3\u003e\n\u003cp class=\"additional\"\u003eComparative looks at what we are told and a set of complete opposite truths.\u003c\/p\u003e\n\u003cp class=\"additional\"\u003eConsume two revelatory or \"counter culture\" art pieces. \u003ca href=\"https:\/\/iamalexbrady.com\/blogs\/abcim\/recommended-media-list\" target=\"_blank\" title=\"recommended media list\" rel=\"noopener noreferrer\"\u003eHere is a list of my personal favorite selections.\u003c\/a\u003e There is a universe of other options. Be able to answer the question:\u003c\/p\u003e\n\u003cp class=\"additional\"\u003e\u003cstrong\u003eName one concept the society that you live in in which the values that are espoused do not match behavior.\u003c\/strong\u003e\u003cspan\u003e \u003c\/span\u003eWhere the story that is told does not match the facts.\u003c\/p\u003e\n\u003cp class=\"additional\"\u003eThe point not to convince you of other viewpoints. The point is but to present these perspectives as alternative to preconceived truths. Useful for concept debate practice and inner guidance checking.\u003cspan\u003e \u003c\/span\u003e\u003ca href=\"http:\/\/reddit.com\/r\/iamalexbrady\" target=\"_blank\" title=\"iamalexbrady reddit\" rel=\"noopener noreferrer\"\u003eCome discuss on r\/iamalexbrady\u003c\/a\u003e.\u003c\/p\u003e\n\u003cp class=\"additional\"\u003eWhen presented with fact that did not match previous views, you are encouraged to consider that\u003cspan\u003e \u003c\/span\u003e\u003ci\u003eneither\u003c\/i\u003e\u003cspan\u003e \u003c\/span\u003eare true, and to sit with yourself and internal guidance to determine the best truth for the matter.\u003c\/p\u003e\n\u003c\/li\u003e\n\u003cli\u003e\n\u003ch3 class=\"main-point\"\u003eSpiritual Learning\u003c\/h3\u003e\n\u003cp class=\"additional\"\u003eFind the mento-\/spirtual flavors you like\u003c\/p\u003e\n\u003cp class=\"additional\"\u003eThere are spiritual teachings you will vibe with more than others. Collect the ones you like.\u003c\/p\u003e\n\u003cp class=\"additional\"\u003eStart meditating, guided and self-guided.\u003c\/p\u003e\n\u003c\/li\u003e\n\u003cli\u003e\n\u003ch3 class=\"main-point\"\u003e\u003ca href=\"https:\/\/iamalexbrady.com\/blogs\/ab-is-ba\/get-a-course-in-miracles\" target=\"_blank\" title=\"get a a course in miracles\" rel=\"noopener noreferrer\"\u003eA Course in Miracles\u003c\/a\u003e\u003c\/h3\u003e\n\u003cp class=\"example\"\u003eSuggested order. Can be done simultaneously.\u003c\/p\u003e\n\u003cp class=\"additional\"\u003eStart the Text. Finish it, too.\u003c\/p\u003e\n\u003cp class=\"additional\"\u003eAs soon as you've experienced a miracle by your own definition, begin the workbook and practice it\u003cspan\u003e \u003c\/span\u003e\u003cu\u003eas written\u003c\/u\u003e.\u003c\/p\u003e\n\u003cp class=\"example\"\u003eYou're going to want to wait until you've experienced a miracle. Going through the workbook with high motivation is ideal. Feel free to start sooner.\u003c\/p\u003e\n\u003cp class=\"additional\"\u003eRead the Manual when you remember it exists.\u003c\/p\u003e\n\u003cbr\u003e\n\u003cp class=\"example\"\u003ea.b special opinion: If you're not going through the workbook as written, you are\u003cspan\u003e \u003c\/span\u003e\u003cspan class=\"censored\"\u003efuck\u003c\/span\u003eing up. If the task for the day is \"1 minute per hour every hour say six words\" and you miss the goal\u003cspan\u003e \u003c\/span\u003e\u003cspan style=\"text-decoration: underline;\"\u003emost\u003c\/span\u003e\u003cspan\u003e \u003c\/span\u003ehours, you are not going to realize the benefits of mind training because you are not training your mind. Do the workbook right.\u003c\/p\u003e\n\u003c\/li\u003e\n\u003cli\u003e\n\u003ch3 class=\"main-point\"\u003eContinuing Unlearning\u003c\/h3\u003e\n\u003cp class=\"additional\"\u003eThe moment you considered any part of alexbrady, you began to come unloosed from the world. About halfway through the workbook, you should have began to see the world in a new light, an understanding that there is more to the world than space and time.\u003c\/p\u003e\n\u003cp class=\"additional\"\u003eNext is a gradual process of unlearning. You should have had glimpses from the workbook practice that your mental desires are the sole determiner of your world. The unlearning process, guided by your own internal guidance system, will take you from glimpses to vision.\u003c\/p\u003e\n\u003cp class=\"additional\"\u003eOver time you begin to understand how \"All things are lessons God would have me learn.\" You will become a happy learner of these joyful lessons rather than maintain pretenses of egoic upsets.\u003c\/p\u003e\n\u003cp class=\"additional\"\u003eCongratulations. 🥳 You're enlightened.\u003c\/p\u003e\n\u003c\/li\u003e\n\u003cli\u003e\n\u003ch3 class=\"main-point\"\u003eChrist Guidance\u003c\/h3\u003e\n\u003cp class=\"additional\"\u003eYou will welcome Christ guidance into your life. You've already always been doing it. You will simply realize how this is the case, welcome it, and get good at it.\u003c\/p\u003e\n\u003cp class=\"additional\"\u003eCongratulations. 🥳 You're awakened.\u003c\/p\u003e\n\u003c\/li\u003e\n\u003cli\u003e\n\u003ch3 class=\"main-point\"\u003eRealize you\u003cspan\u003e \u003c\/span\u003e\u003cem\u003eare\u003c\/em\u003e\u003cspan\u003e \u003c\/span\u003eChrist.\u003c\/h3\u003e\n\u003cp class=\"additional\"\u003eCongratulations. 🥳 You're realized.\u003c\/p\u003e\n\u003c\/li\u003e\n\u003c\/ol\u003e\n\u003chr\u003e\n\u003ch2\u003eHats to buy:\u003c\/h2\u003e\n\u003cp\u003e\u003ca href=\"https:\/\/iamalexbrady.com\/collections\/messenger-series\" target=\"_blank\" title=\"messenger series iamalexbrady\" rel=\"noopener noreferrer\"\u003e\u003cimg src=\"https:\/\/cdn.shopify.com\/s\/files\/1\/0281\/7887\/4403\/files\/messenger_series_ad_2000x666_aaaf642e-11e9-4c62-b132-51e5c380e734_480x480.png?v=1602989431\" alt=\"messenger series of hats link\" style=\"display: block; margin-left: auto; margin-right: auto;\"\u003e\u003c\/a\u003e\u003c\/p\u003e\n\u003cbr\u003e\n\u003ch2\u003eFAQs\u003c\/h2\u003e\n\u003ch3\u003eDo I have to join the club?\u003c\/h3\u003e\n\u003cp\u003eNo. In fact, if you \u003cem\u003edon't\u003c\/em\u003e\u003cspan\u003e \u003c\/span\u003ewant to, please do not.\u003c\/p\u003e\n\u003ch3\u003eDo I have to read A Course in Miracles?\u003c\/h3\u003e\n\u003cp\u003eThis whole list can be abridged to\u003c\/p\u003e\n\u003col\u003e\n\u003cli\u003eStudy A Course in Miracles\u003c\/li\u003e\n\u003c\/ol\u003e\n\u003cp\u003eYes, read ACIM. If you have a different book you like, use that one. I personally cannot guarantee another.\u003c\/p\u003e\n\u003ch3\u003eIs the workbook hard? Why do people not do it correctly?\u003c\/h3\u003e\n\u003cp\u003eThe workbook is very simple. Part of the mind training process is to learn to train your attention. Lack of\u003cspan\u003e \u003c\/span\u003e\u003cspan style=\"text-decoration: underline;\"\u003ewhat\u003c\/span\u003e\u003cspan\u003e \u003c\/span\u003ewe are training -- mental strength and attention -- is the impediment to the training.\u003c\/p\u003e\n\u003cp\u003eBe patient with yourself. When you begin to experience the benefits of consistent practice, you will be motivated to engage more.\u003c\/p\u003e\n\u003ch3\u003eHow do you know I will have a miracle?\u003c\/h3\u003e\n\u003cp\u003eYou are doing miracles all the time, you just aren't realizing it. Read the books listed to begin opening your awareness of \u003cem\u003ewhere\u003c\/em\u003e\u003cspan\u003e \u003c\/span\u003eand \u003cem\u003ehow\u003c\/em\u003e\u003cspan\u003e \u003c\/span\u003eyour spiritual nature resides. Once you become aware of these and the understandings that lead to it, you will \u003cem\u003erealize\u003c\/em\u003e\u003cspan\u003e \u003c\/span\u003ewhen a miracle occurs. That small conviction will be a good boost into the workbook.\u003c\/p\u003e\n\u003ch3\u003eWill I turn water into wine?\u003c\/h3\u003e\n\u003cp\u003eYou can do whatever you want \u003cspan\u003e😎\u003c\/span\u003e\u003c\/p\u003e\n\u003ch3\u003e\u003cspan\u003eDo I have to read all of the recommended books?\u003c\/span\u003e\u003c\/h3\u003e\n\u003cp\u003e\u003cspan\u003eNo. One counter culture piece and two spiritual books are all that is considered \"mandatory\" reading for before A Course in Miracles. As stated before, only ACIM is truly mandatory.\u003c\/span\u003e\u003c\/p\u003e\n\u003ch3\u003e\u003cspan\u003eHow long will this take?\u003c\/span\u003e\u003c\/h3\u003e\n\u003cp\u003e\u003cspan\u003eIf you begin ACIM's workbook with strong conviction and engage fully, you will reach \"enlightenment\" by lesson 101.\u003c\/span\u003e\u003c\/p\u003e\n\u003cp\u003e\u003cspan\u003eSo, the time until your first miracle + 101 days. The rest of the steps continue indefinitely.\u003c\/span\u003e\u003c\/p\u003e\n\u003ch3\u003e\u003cspan\u003eWhat if that doesn't work?\u003c\/span\u003e\u003c\/h3\u003e\n\u003cp\u003e\u003cspan\u003eIt does. \u003cspan style=\"color: white; background-color: white;\"\u003eIf it doesn't work, consider the words \"engage fully\". If that doesn't reveal the problem, email me.\u003c\/span\u003e\u003c\/span\u003e\u003c\/p\u003e\n\u003ch3\u003e\u003cspan\u003eAre there more steps?\u003c\/span\u003e\u003c\/h3\u003e\n\u003cp\u003e\u003cspan\u003eYes, of course.\u003c\/span\u003e\u003c\/p\u003e","blog_id":51532103715,"author":"alex brady","user_id":40701493283,"published_at":"2020-10-21T01:56:45-06:00","updated_at":"2020-10-30T18:59:02-06:00","summary_html":"\u003cp\u003e\u003cspan\u003eThe alex brady Course in Miracles (abcim) is a loose set of steps for guaranteed spiritual enlightenment\/awakening\/realization.\u003c\/span\u003e\u003c\/p\u003e\n\u003cp\u003e\u003cspan\u003eWhen you want to do one of those three things, do the abcim.\u003c\/span\u003e\u003c\/p\u003e","template_suffix":"","handle":"abcim-the-blog-post","tags":"","admin_graphql_api_id":"gid:\/\/shopify\/OnlineStoreArticle\/387596484643","image":{"created_at":"2020-10-20T23:37:59-06:00","alt":"","width":1280,"height":1203,"src":"https:\/\/cdn.shopify.com\/s\/files\/1\/0281\/7887\/4403\/articles\/hand_pointing_light_afa76fea-945d-4ac8-9514-49ae89049f1e.png?v=1603258680"}},{"id":387596451875,"title":"Recommended Media List","created_at":"2020-10-20T23:30:26-06:00","body_html":"\u003ch2\u003ealex brady media\u003c\/h2\u003e\n\u003cp\u003eLongform media great for consuming. Perfect side dish pairing for \u003ca href=\"https:\/\/iamalexbrady.com\/pages\/alex-brady-course-for-guaranteed-enlightenment\" target=\"_blank\" title=\"alex brady course for enlightenment\" rel=\"noopener noreferrer\"\u003eabcim\u003c\/a\u003e.\u003c\/p\u003e\n\u003ch2\u003eBooks\u003c\/h2\u003e\n\u003cp\u003e\u003ca href=\"https:\/\/iamalexbrady.myshopify.com\/admin\/articles\/384606601251\" target=\"_blank\" title=\"get acim iamalexbrady\" rel=\"noopener noreferrer\"\u003eA Course in Miracles\u003c\/a\u003e, Jesus via Schucman\u003c\/p\u003e\n\u003cp\u003e\u003ca href=\"https:\/\/www.amazon.com\/New-Earth-Awakening-Purpose-Selection\/dp\/0452289963\" title=\"a new earth amazon\"\u003eA New Earth, Eckhart Tolle\u003c\/a\u003e (amazon)\u003c\/p\u003e\n\u003cp\u003eBhagadvad Gita \u003ca href=\"https:\/\/cdn.shopify.com\/s\/files\/1\/0281\/7887\/4403\/files\/The-Bhagavad-Gita-Translation-by-Shri-Purohit-Swami.pdf?v=1603265643\" target=\"_blank\" title=\"gita pdf\" rel=\"noopener noreferrer\"\u003e(pdf)\u003c\/a\u003e \u003ca href=\"https:\/\/www.amazon.com\/Bhagavad-Gita-Penguin-Classics-ebook\/dp\/B002RI9GWG\" target=\"_blank\" title=\"gita on amazon\" rel=\"noopener noreferrer\"\u003e(amazon)\u003c\/a\u003e\u003c\/p\u003e\n\u003cp\u003eTao Te Ching, Lao Tzu \u003ca href=\"https:\/\/cdn.shopify.com\/s\/files\/1\/0281\/7887\/4403\/files\/tao_te_ching.pdf?v=1603265802\" target=\"_blank\" title=\"tao te ching pdf\" rel=\"noopener noreferrer\"\u003e(pdf)\u003c\/a\u003e \u003c\/p\u003e\n\u003cp\u003eMeditations, Marcus Aurelius \u003ca href=\"https:\/\/cdn.shopify.com\/s\/files\/1\/0281\/7887\/4403\/files\/meditations.pdf?v=1603265978\" target=\"_blank\" title=\"meditations pdf\" rel=\"noopener noreferrer\"\u003e(pdf)\u003c\/a\u003e \u003ca href=\"amazon.com\/Meditations-New-Translation-Marcus-Aurelius\/dp\/0812968255\/ref=asc_df_0812968255\" target=\"_blank\" title=\"meditations amazon\" rel=\"noopener noreferrer\"\u003e(amazon)\u003c\/a\u003e\u003c\/p\u003e\n\u003cp\u003eThe Millionaire Fastlane, MJ DeMarco \u003ca href=\"https:\/\/www.amazon.com\/Millionaire-Fastlane-Crack-Wealth-Lifetime\/dp\/0984358102\" target=\"_blank\" rel=\"noopener noreferrer\"\u003e(amazon)\u003c\/a\u003e\u003c\/p\u003e\n\u003ch2\u003eMovies\/Videos\u003c\/h2\u003e\n\u003cp\u003e\u003ca href=\"https:\/\/www.youtube.com\/watch?v=TPAzpDl7VvM\" title=\"j krishnimurti documentary\"\u003eJ. Krishnimurti \u003c\/a\u003e\u003ca href=\"https:\/\/www.youtube.com\/watch?v=TPAzpDl7VvM\" target=\"_blank\" title=\"j krishnimurti documentary\" rel=\"noopener noreferrer\"\u003eDocumentary\u003c\/a\u003e\u003c\/p\u003e\n\u003cp\u003e\u003ca href=\"https:\/\/www.youtube.com\/watch?v=tfBfpWcr_jU\" target=\"_blank\" title=\"awake: yogananda youtube\" rel=\"noopener noreferrer\"\u003eAwake: The Life of Yogananda\u003c\/a\u003e\u003c\/p\u003e\n\u003cp\u003e\u003ca href=\"https:\/\/www.amazon.com\/Wont-You-Be-My-Neighbor\/dp\/B07FCQ2T9K\" target=\"_blank\" title=\"wont you be my neighbor\" rel=\"noopener noreferrer\"\u003eWon't You Be My Neighbor, Fred Rogers\u003c\/a\u003e\u003c\/p\u003e\n\u003cp\u003e\u003ca href=\"https:\/\/www.youtube.com\/watch?v=cP7iwF9a5sA\" target=\"_blank\" title=\"winter soldier\" rel=\"noopener noreferrer\"\u003eWinter Soldier, Vietnam hearings\u003c\/a\u003e\u003c\/p\u003e\n\u003cp\u003e\u003ca href=\"https:\/\/www.youtube.com\/watch?v=TAKHTXj2cCk\" target=\"_blank\" title=\"zeitgeist the movie\" rel=\"noopener noreferrer\"\u003eZeitgeist: The Movie, Peter Joseph\u003c\/a\u003e\u003c\/p\u003e\n\u003cp\u003e\u003ca href=\"http:\/\/www.documentarymania.com\/player.php?title=Food%20Inc\" target=\"_blank\" title=\"food inc\" rel=\"noopener noreferrer\"\u003eFood, Inc.\u003c\/a\u003e\u003c\/p\u003e\n\u003chr\u003e\n\u003ch2\u003eMore added as remembered.\u003c\/h2\u003e\n\u003cp\u003eThis list, while meant to be short, is a work in progress. While this particular list is limited to media actually watched and recommended by abcim's developer, please add your own recommendations in the comment section below!\u003c\/p\u003e","blog_id":51532103715,"author":"alex brady","user_id":40701493283,"published_at":"2020-10-21T01:57:22-06:00","updated_at":"2020-10-21T01:57:22-06:00","summary_html":"\u003cp\u003e\u003cspan\u003e\u003ca href=\"https:\/\/iamalexbrady.myshopify.com\/admin\/articles\/384606601251\" target=\"_blank\" title=\"get acim iamalexbrady\" rel=\"noopener noreferrer\"\u003eA Course in Miracles\u003c\/a\u003e, Jesus via Schucman -\u0026gt; The Millionaire Fastlane, MJ DeMarco\u003c\/span\u003e\u003c\/p\u003e\n\u003cp\u003e\u003cspan\u003e\u003ca href=\"https:\/\/www.youtube.com\/watch?v=tfBfpWcr_jU\" target=\"_blank\" title=\"awake: yogananda youtube\" rel=\"noopener noreferrer\"\u003eAwake: The Life of Yogananda\u003c\/a\u003e -\u0026gt; \u003ca href=\"http:\/\/www.documentarymania.com\/player.php?title=Food%20Inc\" target=\"_blank\" title=\"food inc\" rel=\"noopener noreferrer\"\u003eFood, Inc.\u003c\/a\u003e\u003c\/span\u003e\u003c\/p\u003e\n\u003cp\u003e\u003cspan\u003eThis list, while meant to be short, is a work in progress. While this particular list is limited to media actually watched and recommended by abcim's developer, please add your own recommendations in the comment section below!\u003c\/span\u003e\u003c\/p\u003e","template_suffix":"","handle":"recommended-media-list","tags":"","admin_graphql_api_id":"gid:\/\/shopify\/OnlineStoreArticle\/387596451875"},{"id":384606601251,"title":"get A Course in Miracles","created_at":"2020-07-14T20:49:36-06:00","body_html":"\u003cp\u003ethese are all the same truth. read the whichever version you like.\u003c\/p\u003e\n\u003cp\u003eIf you have or would like to see something new in this list, leave a comment!\u003c\/p\u003e\n\u003cp\u003e- alex brady\u003c\/p\u003e\n\u003cp\u003e \u003c\/p\u003e\n\u003ch2\u003e100% Online public domain:\u003c\/h2\u003e\n\u003cp\u003e\u003ca href=\"https:\/\/cdn.shopify.com\/s\/files\/1\/0281\/7887\/4403\/files\/acim_fip_ed1.pdf?v=1594679192\" target=\"_blank\" title=\"acim foundation for inner peace\" rel=\"noopener noreferrer\"\u003e\u003cem\u003eA Course in Miracles\u003cspan\u003e \u003c\/span\u003e\u003c\/em\u003eFoundation for Inner Peace\u003c\/a\u003e (recommended)\u003c\/p\u003e\n\u003cp\u003e\u003ca href=\"https:\/\/cdn.shopify.com\/s\/files\/1\/0281\/7887\/4403\/files\/acim_oe.pdf?v=1594679607\" target=\"_blank\" title=\"acim original edition\" rel=\"noopener noreferrer\"\u003e\u003cem\u003eACIM Original Edition\u003c\/em\u003e\u003cspan\u003e by A Course in Miracles Society\u003c\/span\u003e\u003c\/a\u003e\u003c\/p\u003e\n\u003cp\u003e\u003ca href=\"https:\/\/cdn.shopify.com\/s\/files\/1\/0281\/7887\/4403\/files\/acim_urtext.pdf?v=1594781433\" target=\"_blank\" title=\"acim urtext\" rel=\"noopener noreferrer\"\u003eUrtext\u003c\/a\u003e\u003c\/p\u003e\n\u003cp\u003e \u003c\/p\u003e\n\u003ch2\u003ePhysical copy:\u003c\/h2\u003e\n\u003cp\u003e\u003cem\u003eACIM Original Edition\u003c\/em\u003e by A Course in Miracles Society \u003ca href=\"https:\/\/www.jcim.net\/acim-oe-hard-and-soft-cover\/\" target=\"_blank\" title=\"acim original edition\" rel=\"noopener noreferrer\"\u003e(buy direct)\u003c\/a\u003e \u003ca href=\"https:\/\/www.amazon.com\/Course-Miracles-Original-Schucman\/dp\/0976420074\" target=\"_blank\" title=\"buy original edition acim from amazon\" rel=\"noopener noreferrer\"\u003e(buy amazon)\u003c\/a\u003e (recommended)\u003c\/p\u003e\n\u003cp\u003e\u003cem\u003eA Course in Miracles\u003c\/em\u003e Foundation for Inner Peace \u003ca href=\"https:\/\/shop.acim.org\/\" target=\"_blank\" title=\"foundation for inner peace shop\" rel=\"noopener noreferrer\"\u003e(buy direct)\u003c\/a\u003e \u003ca href=\"https:\/\/www.amazon.com\/course-Miracles-Foundation-Inner-Peace\/dp\/1883360269\" target=\"_blank\" title=\"buy foundation for inner peace acim\" rel=\"noopener noreferrer\"\u003e(buy amazon)\u003c\/a\u003e\u003c\/p\u003e\n\u003cp\u003e \u003c\/p\u003e\n\u003ch2\u003eOther aggregators:\u003c\/h2\u003e\n\u003cp\u003e\u003ca href=\"https:\/\/www.jcim.net\/acim-comparison-of-versions\/\" target=\"_blank\" title=\"jcim comparison of editions\" rel=\"noopener noreferrer\"\u003eACIM Comparison of editions - jcim.net\u003c\/a\u003e\u003c\/p\u003e\n\u003cp\u003e\u003ca href=\"http:\/\/www.miraclesinactionpress.com\/dthomp74\/2008\/\" title=\"miracles in action press scholars toolbox\" target=\"_blank\" rel=\"noopener noreferrer\"\u003eMultiple versions and annotations - miraclesinactionpress.com\u003c\/a\u003e\u003c\/p\u003e\n\u003cp\u003e \u003c\/p\u003e\n\u003ch2\u003eHats to buy:\u003c\/h2\u003e\n\u003cdiv style=\"text-align: left;\"\u003e\u003ca href=\"https:\/\/iamalexbrady.com\/collections\/messenger-series\" target=\"_blank\" title=\"messenger series of designs iamalexbrady\" rel=\"noopener noreferrer\"\u003e\u003cimg src=\"https:\/\/cdn.shopify.com\/s\/files\/1\/0281\/7887\/4403\/files\/messenger_series_ad_2000x666_aaaf642e-11e9-4c62-b132-51e5c380e734_480x480.png?v=1602989431\" alt=\"ad for messenger series designer line\" style=\"float: none; display: block; margin-left: auto; margin-right: auto;\"\u003e\u003c\/a\u003e\u003c\/div\u003e","blog_id":51532103715,"author":"alex brady","user_id":40701493283,"published_at":"2020-07-14T20:55:00-06:00","updated_at":"2020-10-21T01:51:57-06:00","summary_html":"\u003cspan\u003eeasily accessible versions of \u003cem\u003eA Course in Miracles\u003c\/em\u003e. these are all the same truth. read the whichever you like.\u003c\/span\u003e","template_suffix":"","handle":"get-a-course-in-miracles","tags":"","admin_graphql_api_id":"gid:\/\/shopify\/OnlineStoreArticle\/384606601251","image":{"created_at":"2020-07-14T20:49:36-06:00","alt":"","width":1406,"height":1143,"src":"https:\/\/cdn.shopify.com\/s\/files\/1\/0281\/7887\/4403\/articles\/cartoon_acim_editions.png?v=1594781376"}}]}