{"blogs":[{"id":51132268579,"handle":"ab-is-ba","title":"a.b is b.a","updated_at":"2020-10-21T01:51:57-06:00","commentable":"moderate","feedburner":"","feedburner_location":"","created_at":"2020-07-12T00:39:17-06:00","template_suffix":null,"tags":"","admin_graphql_api_id":"gid:\/\/shopify\/OnlineStoreBlog\/51132268579"},{"id":51532103715,"handle":"abcim","title":"abcim","updated_at":"2020-12-02T18:03:05-07:00","commentable":"moderate","feedburner":null,"feedburner_location":null,"created_at":"2020-10-20T23:33:36-06:00","template_suffix":"","tags":"","admin_graphql_api_id":"gid:\/\/shopify\/OnlineStoreBlog\/51532103715"},{"id":51531939875,"handle":"announcements","title":"Announcements","updated_at":"2020-10-21T02:05:36-06:00","commentable":"moderate","feedburner":null,"feedburner_location":null,"created_at":"2020-10-20T10:07:27-06:00","template_suffix":"","tags":"","admin_graphql_api_id":"gid:\/\/shopify\/OnlineStoreBlog\/51531939875"},{"id":51132596259,"handle":"community","title":"community","updated_at":"2020-11-04T15:14:00-07:00","commentable":"yes","feedburner":"","feedburner_location":"","created_at":"2020-07-15T10:43:09-06:00","template_suffix":null,"tags":"","admin_graphql_api_id":"gid:\/\/shopify\/OnlineStoreBlog\/51132596259"},{"id":50202673187,"handle":"a-b-sees","title":"how a.b sees","updated_at":"2020-11-23T20:06:25-07:00","commentable":"yes","feedburner":"","feedburner_location":null,"created_at":"2020-04-17T00:26:00-06:00","template_suffix":"","tags":"meditation technique, game","admin_graphql_api_id":"gid:\/\/shopify\/OnlineStoreBlog\/50202673187"}]}